store_id,store_name,region,country,is_online
1,STORE_1,CENTRAL,UK,1
2,STORE_2,CENTRAL,SG,0
3,STORE_3,CENTRAL,US,1
4,STORE_4,EAST,SG,1
5,STORE_5,NORTH,DE,0
6,STORE_6,SOUTH,DE,1
7,STORE_7,WEST,UK,0
8,STORE_8,EAST,US,0
9,STORE_9,SOUTH,DE,1
10,STORE_10,NORTH,SG,0
11,STORE_11,NORTH,FR,0
12,STORE_12,NORTH,IN,0
13,STORE_13,WEST,US,0
14,STORE_14,SOUTH,UK,1
15,STORE_15,SOUTH,US,1
16,STORE_16,EAST,UK,1
17,STORE_17,NORTH,SG,0
18,STORE_18,CENTRAL,DE,1
19,STORE_19,EAST,IN,1
20,STORE_20,CENTRAL,IN,1
21,STORE_21,EAST,US,1
22,STORE_22,CENTRAL,FR,0
23,STORE_23,SOUTH,UK,1
24,STORE_24,CENTRAL,SG,1
25,STORE_25,CENTRAL,FR,0
26,STORE_26,NORTH,UK,1
27,STORE_27,NORTH,FR,0
28,STORE_28,CENTRAL,IN,0
29,STORE_29,NORTH,DE,1
30,STORE_30,WEST,FR,0
31,STORE_31,,FR,0
32,STORE_32,SOUTH,US,0
33,STORE_33,WEST,DE,0
34,STORE_34,WEST,DE,1
35,STORE_35,NORTH,SG,0
36,STORE_36,NORTH,DE,1
37,STORE_37,NORTH,UK,0
38,STORE_38,WEST,UK,0
39,STORE_39,CENTRAL,IN,0
40,STORE_40,WEST,DE,0
41,STORE_41,NORTH,FR,0
42,STORE_42,WEST,FR,1
43,STORE_43,EAST,IN,0
44,STORE_44,EAST,FR,0
45,STORE_45,NORTH,FR,1
46,STORE_46,EAST,US,1
47,STORE_47,EAST,FR,1
48,STORE_48,,SG,1
49,STORE_49,CENTRAL,US,0
50,STORE_50,NORTH,FR,1
51,STORE_51,WEST,DE,1
52,STORE_52,EAST,FR,0
53,STORE_53,EAST,DE,0
54,STORE_54,SOUTH,DE,0
55,STORE_55,NORTH,DE,1
56,STORE_56,SOUTH,US,0
57,STORE_57,NORTH,FR,1
58,STORE_58,NORTH,SG,0
59,STORE_59,NORTH,DE,0
60,STORE_60,WEST,SG,1
61,STORE_61,SOUTH,US,0
62,STORE_62,EAST,UK,0
63,STORE_63,NORTH,SG,0
64,STORE_64,SOUTH,SG,1
65,STORE_65,WEST,DE,0
66,STORE_66,EAST,IN,0
67,STORE_67,WEST,FR,1
68,STORE_68,EAST,US,1
69,STORE_69,WEST,DE,1
70,STORE_70,NORTH,IN,1
71,STORE_71,SOUTH,UK,1
72,STORE_72,WEST,UK,1
73,STORE_73,NORTH,US,1
74,STORE_74,EAST,UK,1
75,STORE_75,CENTRAL,UK,1
76,STORE_76,CENTRAL,SG,1
77,STORE_77,NORTH,FR,1
78,STORE_78,,UK,0
79,STORE_79,NORTH,SG,1
80,STORE_80,NORTH,SG,0
81,STORE_81,EAST,UK,1
82,STORE_82,EAST,FR,1
83,STORE_83,SOUTH,SG,1
84,STORE_84,SOUTH,IN,1
85,STORE_85,EAST,US,1
86,STORE_86,SOUTH,FR,0
87,STORE_87,WEST,DE,1
88,STORE_88,WEST,DE,1
89,STORE_89,SOUTH,UK,1
90,STORE_90,SOUTH,IN,0
91,STORE_91,NORTH,UK,1
92,STORE_92,CENTRAL,FR,1
93,STORE_93,NORTH,DE,1
94,STORE_94,CENTRAL,IN,0
95,STORE_95,SOUTH,UK,1
96,STORE_96,,DE,1
97,STORE_97,CENTRAL,US,1
98,STORE_98,SOUTH,UK,0
99,STORE_99,CENTRAL,DE,0
100,STORE_100,NORTH,FR,0
101,STORE_101,SOUTH,DE,0
102,STORE_102,WEST,DE,0
103,STORE_103,SOUTH,FR,0
104,STORE_104,EAST,US,1
105,STORE_105,NORTH,IN,1
106,STORE_106,WEST,US,1
107,STORE_107,EAST,UK,0
108,STORE_108,SOUTH,US,1
109,STORE_109,NORTH,US,1
110,STORE_110,EAST,US,1
111,STORE_111,NORTH,IN,0
112,STORE_112,SOUTH,US,0
113,STORE_113,NORTH,IN,0
114,STORE_114,EAST,SG,0
115,STORE_115,NORTH,UK,1
116,STORE_116,WEST,SG,1
117,STORE_117,NORTH,DE,0
118,STORE_118,CENTRAL,SG,1
119,STORE_119,SOUTH,US,0
120,STORE_120,NORTH,UK,1
121,STORE_121,EAST,SG,0
122,STORE_122,EAST,DE,0
123,STORE_123,CENTRAL,DE,1
124,STORE_124,SOUTH,SG,0
125,STORE_125,,UK,0
126,STORE_126,SOUTH,DE,1
127,STORE_127,CENTRAL,US,0
128,STORE_128,,US,1
129,STORE_129,EAST,UK,1
130,STORE_130,NORTH,DE,1
131,STORE_131,SOUTH,SG,0
132,STORE_132,NORTH,US,0
133,STORE_133,SOUTH,IN,1
134,STORE_134,CENTRAL,SG,0
135,STORE_135,WEST,IN,0
136,STORE_136,CENTRAL,US,0
137,STORE_137,EAST,UK,1
138,STORE_138,EAST,SG,0
139,STORE_139,SOUTH,UK,0
140,STORE_140,SOUTH,IN,0
141,STORE_141,SOUTH,UK,0
142,STORE_142,NORTH,DE,0
143,STORE_143,CENTRAL,UK,1
144,STORE_144,EAST,SG,1
145,STORE_145,WEST,DE,1
146,STORE_146,CENTRAL,SG,1
147,STORE_147,SOUTH,UK,0
148,STORE_148,WEST,DE,0
149,STORE_149,NORTH,DE,0
150,STORE_150,,IN,0
151,STORE_151,EAST,UK,1
152,STORE_152,EAST,IN,1
153,STORE_153,EAST,DE,1
154,STORE_154,CENTRAL,SG,0
155,STORE_155,SOUTH,IN,0
156,STORE_156,SOUTH,US,1
157,STORE_157,SOUTH,US,0
158,STORE_158,WEST,IN,1
159,STORE_159,WEST,UK,0
160,STORE_160,SOUTH,SG,0
161,STORE_161,EAST,IN,1
162,STORE_162,SOUTH,IN,0
163,STORE_163,NORTH,UK,0
164,STORE_164,CENTRAL,US,1
165,STORE_165,,FR,0
166,STORE_166,NORTH,DE,1
167,STORE_167,WEST,SG,1
168,STORE_168,SOUTH,IN,0
169,STORE_169,NORTH,DE,0
170,STORE_170,NORTH,IN,0
171,STORE_171,NORTH,FR,0
172,STORE_172,NORTH,SG,1
173,STORE_173,WEST,IN,0
174,STORE_174,EAST,US,0
175,STORE_175,EAST,FR,1
176,STORE_176,WEST,DE,1
177,STORE_177,EAST,IN,0
178,STORE_178,SOUTH,FR,1
179,STORE_179,SOUTH,DE,0
180,STORE_180,SOUTH,DE,0
181,STORE_181,CENTRAL,US,0
182,STORE_182,SOUTH,UK,0
183,STORE_183,SOUTH,UK,1
184,STORE_184,CENTRAL,FR,0
185,STORE_185,WEST,DE,1
186,STORE_186,EAST,DE,1
187,STORE_187,WEST,UK,1
188,STORE_188,SOUTH,FR,1
189,STORE_189,CENTRAL,US,0
190,STORE_190,EAST,DE,0
191,STORE_191,NORTH,US,1
192,STORE_192,EAST,SG,0
193,STORE_193,EAST,DE,1
194,STORE_194,CENTRAL,SG,0
195,STORE_195,NORTH,DE,0
196,STORE_196,CENTRAL,UK,1
197,STORE_197,CENTRAL,SG,0
198,STORE_198,CENTRAL,US,0
199,STORE_199,SOUTH,US,1
200,STORE_200,EAST,SG,1
201,STORE_201,EAST,DE,1
202,STORE_202,CENTRAL,UK,1
203,STORE_203,WEST,FR,1
204,STORE_204,EAST,UK,0
205,STORE_205,EAST,US,0
206,STORE_206,EAST,DE,0
207,STORE_207,CENTRAL,SG,0
208,STORE_208,EAST,US,1
209,STORE_209,NORTH,DE,0
210,STORE_210,SOUTH,US,0
211,STORE_211,EAST,US,0
212,STORE_212,WEST,DE,1
213,STORE_213,WEST,IN,0
214,STORE_214,SOUTH,SG,1
215,STORE_215,EAST,UK,1
216,STORE_216,SOUTH,UK,0
217,STORE_217,SOUTH,DE,0
218,STORE_218,NORTH,DE,1
219,STORE_219,WEST,SG,0
220,STORE_220,NORTH,FR,1
221,STORE_221,CENTRAL,IN,0
222,STORE_222,CENTRAL,FR,0
223,STORE_223,EAST,DE,1
224,STORE_224,SOUTH,IN,1
225,STORE_225,EAST,US,0
226,STORE_226,CENTRAL,IN,0
227,STORE_227,CENTRAL,US,0
228,STORE_228,CENTRAL,SG,0
229,STORE_229,EAST,IN,1
230,STORE_230,SOUTH,FR,1
231,STORE_231,CENTRAL,SG,1
232,STORE_232,EAST,IN,1
233,STORE_233,NORTH,DE,0
234,STORE_234,EAST,IN,0
235,STORE_235,EAST,DE,0
236,STORE_236,WEST,FR,1
237,STORE_237,WEST,SG,1
238,STORE_238,SOUTH,IN,1
239,STORE_239,WEST,US,1
240,STORE_240,SOUTH,UK,0
241,STORE_241,CENTRAL,IN,1
242,STORE_242,EAST,UK,1
243,STORE_243,EAST,IN,1
244,STORE_244,CENTRAL,FR,1
245,STORE_245,,US,0
246,STORE_246,NORTH,UK,1
247,STORE_247,WEST,SG,0
248,STORE_248,SOUTH,FR,1
249,STORE_249,EAST,UK,1
250,STORE_250,EAST,IN,0
251,STORE_251,SOUTH,SG,0
252,STORE_252,SOUTH,IN,1
253,STORE_253,CENTRAL,IN,0
254,STORE_254,NORTH,US,0
255,STORE_255,EAST,FR,0
256,STORE_256,NORTH,FR,0
257,STORE_257,NORTH,FR,0
258,STORE_258,SOUTH,US,0
259,STORE_259,SOUTH,SG,1
260,STORE_260,NORTH,DE,1
261,STORE_261,WEST,FR,1
262,STORE_262,NORTH,SG,1
263,STORE_263,CENTRAL,US,0
264,STORE_264,CENTRAL,US,1
265,STORE_265,WEST,DE,1
266,STORE_266,NORTH,SG,0
267,STORE_267,NORTH,FR,1
268,STORE_268,WEST,US,1
269,STORE_269,EAST,FR,1
270,STORE_270,SOUTH,UK,1
271,STORE_271,CENTRAL,IN,0
272,STORE_272,,IN,0
273,STORE_273,EAST,UK,0
274,STORE_274,NORTH,IN,0
275,STORE_275,EAST,US,1
276,STORE_276,SOUTH,DE,1
277,STORE_277,WEST,DE,0
278,STORE_278,WEST,IN,1
279,STORE_279,WEST,SG,1
280,STORE_280,WEST,UK,1
281,STORE_281,NORTH,US,0
282,STORE_282,EAST,FR,0
283,STORE_283,SOUTH,IN,0
284,STORE_284,CENTRAL,SG,1
285,STORE_285,EAST,SG,1
286,STORE_286,SOUTH,IN,1
287,STORE_287,EAST,UK,0
288,STORE_288,,IN,1
289,STORE_289,CENTRAL,UK,1
290,STORE_290,EAST,IN,0
291,STORE_291,WEST,FR,1
292,STORE_292,EAST,IN,1
293,STORE_293,CENTRAL,US,1
294,STORE_294,NORTH,DE,0
295,STORE_295,SOUTH,FR,1
296,STORE_296,CENTRAL,FR,0
297,STORE_297,CENTRAL,US,1
298,STORE_298,WEST,FR,0
299,STORE_299,NORTH,IN,1
300,STORE_300,EAST,SG,0
301,STORE_301,CENTRAL,UK,1
302,STORE_302,EAST,SG,0
303,STORE_303,NORTH,UK,0
304,STORE_304,SOUTH,SG,1
305,STORE_305,NORTH,UK,0
306,STORE_306,WEST,US,1
307,STORE_307,NORTH,DE,0
308,STORE_308,WEST,UK,0
309,STORE_309,NORTH,IN,1
310,STORE_310,NORTH,US,1
311,STORE_311,NORTH,DE,0
312,STORE_312,CENTRAL,DE,1
313,STORE_313,CENTRAL,FR,0
314,STORE_314,NORTH,UK,1
315,STORE_315,CENTRAL,IN,1
316,STORE_316,CENTRAL,IN,1
317,STORE_317,EAST,US,1
318,STORE_318,CENTRAL,DE,1
319,STORE_319,NORTH,UK,0
320,STORE_320,EAST,DE,0
321,STORE_321,EAST,IN,1
322,STORE_322,WEST,FR,1
323,STORE_323,NORTH,UK,1
324,STORE_324,CENTRAL,FR,0
325,STORE_325,SOUTH,FR,0
326,STORE_326,SOUTH,DE,0
327,STORE_327,NORTH,DE,1
328,STORE_328,NORTH,UK,1
329,STORE_329,WEST,SG,0
330,STORE_330,SOUTH,IN,1
331,STORE_331,WEST,SG,0
332,STORE_332,EAST,IN,1
333,STORE_333,CENTRAL,US,1
334,STORE_334,SOUTH,DE,1
335,STORE_335,WEST,DE,1
336,STORE_336,NORTH,DE,1
337,STORE_337,SOUTH,DE,1
338,STORE_338,WEST,SG,1
339,STORE_339,WEST,FR,1
340,STORE_340,WEST,US,1
341,STORE_341,NORTH,DE,1
342,STORE_342,SOUTH,DE,0
343,STORE_343,NORTH,IN,1
344,STORE_344,CENTRAL,UK,1
345,STORE_345,SOUTH,UK,0
346,STORE_346,WEST,IN,1
347,STORE_347,CENTRAL,DE,1
348,STORE_348,WEST,FR,0
349,STORE_349,EAST,DE,0
350,STORE_350,EAST,SG,0
351,STORE_351,SOUTH,UK,0
352,STORE_352,NORTH,IN,0
353,STORE_353,NORTH,US,0
354,STORE_354,,UK,0
355,STORE_355,EAST,IN,0
356,STORE_356,NORTH,IN,0
357,STORE_357,NORTH,IN,1
358,STORE_358,EAST,DE,1
359,STORE_359,CENTRAL,IN,1
360,STORE_360,WEST,FR,1
361,STORE_361,NORTH,FR,1
362,STORE_362,SOUTH,US,0
363,STORE_363,SOUTH,SG,0
364,STORE_364,SOUTH,UK,1
365,STORE_365,CENTRAL,US,1
366,STORE_366,WEST,SG,0
367,STORE_367,CENTRAL,IN,1
368,STORE_368,NORTH,FR,0
369,STORE_369,WEST,FR,1
370,STORE_370,WEST,UK,0
371,STORE_371,WEST,SG,1
372,STORE_372,SOUTH,UK,1
373,STORE_373,SOUTH,SG,1
374,STORE_374,WEST,IN,0
375,STORE_375,WEST,FR,0
376,STORE_376,EAST,SG,1
377,STORE_377,WEST,DE,1
378,STORE_378,CENTRAL,SG,0
379,STORE_379,NORTH,DE,0
380,STORE_380,CENTRAL,DE,0
381,STORE_381,SOUTH,US,0
382,STORE_382,CENTRAL,SG,1
383,STORE_383,NORTH,FR,1
384,STORE_384,SOUTH,US,1
385,STORE_385,EAST,UK,0
386,STORE_386,CENTRAL,DE,1
387,STORE_387,NORTH,FR,0
388,STORE_388,CENTRAL,SG,0
389,STORE_389,SOUTH,FR,1
390,STORE_390,WEST,SG,0
391,STORE_391,SOUTH,FR,1
392,STORE_392,EAST,IN,0
393,STORE_393,WEST,FR,0
394,STORE_394,WEST,SG,0
395,STORE_395,WEST,FR,1
396,STORE_396,,UK,0
397,STORE_397,EAST,DE,0
398,STORE_398,EAST,UK,1
399,STORE_399,EAST,IN,1
400,STORE_400,SOUTH,DE,0
401,STORE_401,WEST,SG,0
402,STORE_402,WEST,IN,0
403,STORE_403,SOUTH,SG,0
404,STORE_404,NORTH,SG,0
405,STORE_405,NORTH,SG,0
406,STORE_406,CENTRAL,DE,0
407,STORE_407,WEST,SG,1
408,STORE_408,CENTRAL,US,1
409,STORE_409,WEST,UK,1
410,STORE_410,SOUTH,IN,0
411,STORE_411,SOUTH,US,0
412,STORE_412,NORTH,US,0
413,STORE_413,WEST,FR,0
414,STORE_414,SOUTH,UK,0
415,STORE_415,SOUTH,SG,0
416,STORE_416,SOUTH,US,1
417,STORE_417,,US,1
418,STORE_418,EAST,US,1
419,STORE_419,NORTH,DE,0
420,STORE_420,CENTRAL,US,0
421,STORE_421,EAST,FR,1
422,STORE_422,CENTRAL,SG,0
423,STORE_423,SOUTH,US,0
424,STORE_424,SOUTH,US,1
425,STORE_425,WEST,DE,0
426,STORE_426,CENTRAL,FR,1
427,STORE_427,NORTH,IN,0
428,STORE_428,CENTRAL,DE,0
429,STORE_429,SOUTH,IN,0
430,STORE_430,SOUTH,DE,1
431,STORE_431,SOUTH,IN,1
432,STORE_432,EAST,SG,1
433,STORE_433,EAST,UK,1
434,STORE_434,SOUTH,US,1
435,STORE_435,NORTH,SG,0
436,STORE_436,EAST,FR,1
437,STORE_437,EAST,UK,0
438,STORE_438,SOUTH,SG,1
439,STORE_439,CENTRAL,SG,1
440,STORE_440,SOUTH,IN,0
441,STORE_441,WEST,UK,1
442,STORE_442,NORTH,FR,0
443,STORE_443,WEST,UK,0
444,STORE_444,SOUTH,SG,0
445,STORE_445,NORTH,DE,0
446,STORE_446,CENTRAL,US,0
447,STORE_447,WEST,DE,0
448,STORE_448,WEST,SG,1
449,STORE_449,WEST,UK,1
450,STORE_450,CENTRAL,FR,1
451,STORE_451,WEST,IN,1
452,STORE_452,WEST,US,0
453,STORE_453,SOUTH,UK,0
454,STORE_454,CENTRAL,US,1
455,STORE_455,CENTRAL,IN,0
456,STORE_456,SOUTH,FR,1
457,STORE_457,NORTH,UK,1
458,STORE_458,CENTRAL,SG,1
459,STORE_459,WEST,DE,0
460,STORE_460,CENTRAL,US,1
461,STORE_461,CENTRAL,IN,0
462,STORE_462,NORTH,DE,1
463,STORE_463,SOUTH,UK,0
464,STORE_464,CENTRAL,FR,1
465,STORE_465,SOUTH,US,1
466,STORE_466,SOUTH,DE,1
467,STORE_467,WEST,IN,1
468,STORE_468,SOUTH,DE,0
469,STORE_469,NORTH,IN,1
470,STORE_470,NORTH,IN,0
471,STORE_471,WEST,UK,1
472,STORE_472,EAST,SG,1
473,STORE_473,WEST,DE,1
474,STORE_474,WEST,US,1
475,STORE_475,NORTH,IN,1
476,STORE_476,WEST,SG,1
477,STORE_477,EAST,UK,0
478,STORE_478,WEST,IN,1
479,STORE_479,WEST,SG,1
480,STORE_480,CENTRAL,SG,0
481,STORE_481,SOUTH,IN,0
482,STORE_482,EAST,FR,0
483,STORE_483,SOUTH,SG,0
484,STORE_484,NORTH,FR,0
485,STORE_485,SOUTH,UK,0
486,STORE_486,CENTRAL,DE,0
487,STORE_487,EAST,SG,1
488,STORE_488,NORTH,US,0
489,STORE_489,NORTH,US,0
490,STORE_490,SOUTH,UK,1
491,STORE_491,SOUTH,IN,0
492,STORE_492,WEST,SG,0
493,STORE_493,NORTH,US,1
494,STORE_494,NORTH,UK,0
495,STORE_495,CENTRAL,FR,1
496,STORE_496,EAST,FR,1
497,STORE_497,SOUTH,US,0
498,STORE_498,CENTRAL,US,1
499,STORE_499,CENTRAL,IN,0
500,STORE_500,CENTRAL,US,1
501,STORE_501,SOUTH,FR,0
502,STORE_502,NORTH,DE,0
503,STORE_503,NORTH,UK,1
504,STORE_504,WEST,FR,1
505,STORE_505,SOUTH,IN,0
506,STORE_506,CENTRAL,IN,1
507,STORE_507,CENTRAL,IN,1
508,STORE_508,CENTRAL,DE,1
509,STORE_509,NORTH,DE,1
510,STORE_510,CENTRAL,FR,1
511,STORE_511,EAST,UK,1
512,STORE_512,CENTRAL,IN,0
513,STORE_513,CENTRAL,UK,0
514,STORE_514,NORTH,IN,1
515,STORE_515,EAST,SG,0
516,STORE_516,WEST,US,1
517,STORE_517,EAST,DE,0
518,STORE_518,NORTH,SG,0
519,STORE_519,CENTRAL,SG,0
520,STORE_520,,DE,0
521,STORE_521,EAST,FR,1
522,STORE_522,SOUTH,US,0
523,STORE_523,SOUTH,US,1
524,STORE_524,SOUTH,DE,1
525,STORE_525,SOUTH,IN,1
526,STORE_526,SOUTH,DE,0
527,STORE_527,SOUTH,IN,0
528,STORE_528,EAST,US,1
529,STORE_529,NORTH,SG,1
530,STORE_530,WEST,US,0
531,STORE_531,WEST,DE,1
532,STORE_532,EAST,FR,1
533,STORE_533,SOUTH,DE,1
534,STORE_534,WEST,IN,1
535,STORE_535,WEST,IN,1
536,STORE_536,SOUTH,SG,1
537,STORE_537,WEST,SG,1
538,STORE_538,WEST,UK,0
539,STORE_539,CENTRAL,DE,0
540,STORE_540,EAST,SG,1
541,STORE_541,CENTRAL,FR,1
542,STORE_542,NORTH,DE,1
543,STORE_543,WEST,US,0
544,STORE_544,CENTRAL,IN,1
545,STORE_545,WEST,US,1
546,STORE_546,NORTH,UK,0
547,STORE_547,CENTRAL,IN,0
548,STORE_548,NORTH,IN,0
549,STORE_549,NORTH,DE,1
550,STORE_550,CENTRAL,US,0
551,STORE_551,CENTRAL,US,1
552,STORE_552,SOUTH,DE,1
553,STORE_553,,FR,1
554,STORE_554,NORTH,US,0
555,STORE_555,SOUTH,UK,0
556,STORE_556,CENTRAL,IN,0
557,STORE_557,SOUTH,FR,0
558,STORE_558,SOUTH,DE,1
559,STORE_559,EAST,UK,1
560,STORE_560,EAST,SG,1
561,STORE_561,EAST,DE,0
562,STORE_562,WEST,FR,1
563,STORE_563,CENTRAL,US,1
564,STORE_564,EAST,DE,1
565,STORE_565,NORTH,DE,1
566,STORE_566,NORTH,DE,1
567,STORE_567,CENTRAL,DE,1
568,STORE_568,CENTRAL,FR,1
569,STORE_569,SOUTH,IN,1
570,STORE_570,NORTH,US,1
571,STORE_571,WEST,FR,0
572,STORE_572,SOUTH,DE,1
573,STORE_573,NORTH,FR,0
574,STORE_574,EAST,SG,0
575,STORE_575,NORTH,FR,1
576,STORE_576,CENTRAL,DE,0
577,STORE_577,,IN,0
578,STORE_578,CENTRAL,IN,0
579,STORE_579,NORTH,US,1
580,STORE_580,SOUTH,UK,0
581,STORE_581,EAST,DE,1
582,STORE_582,NORTH,IN,0
583,STORE_583,WEST,US,0
584,STORE_584,EAST,SG,0
585,STORE_585,CENTRAL,US,0
586,STORE_586,EAST,DE,0
587,STORE_587,CENTRAL,UK,1
588,STORE_588,SOUTH,DE,0
589,STORE_589,CENTRAL,US,1
590,STORE_590,NORTH,SG,0
591,STORE_591,SOUTH,UK,0
592,STORE_592,NORTH,IN,1
593,STORE_593,SOUTH,US,0
594,STORE_594,CENTRAL,IN,0
595,STORE_595,CENTRAL,SG,0
596,STORE_596,SOUTH,UK,1
597,STORE_597,CENTRAL,DE,1
598,STORE_598,WEST,SG,1
599,STORE_599,CENTRAL,US,0
600,STORE_600,SOUTH,IN,1
601,STORE_601,SOUTH,FR,1
602,STORE_602,NORTH,FR,0
603,STORE_603,WEST,UK,0
604,STORE_604,SOUTH,DE,1
605,STORE_605,CENTRAL,UK,0
606,STORE_606,EAST,SG,0
607,STORE_607,CENTRAL,SG,1
608,STORE_608,WEST,FR,0
609,STORE_609,CENTRAL,UK,1
610,STORE_610,NORTH,FR,0
611,STORE_611,NORTH,FR,1
612,STORE_612,CENTRAL,SG,1
613,STORE_613,EAST,US,1
614,STORE_614,NORTH,FR,1
615,STORE_615,NORTH,UK,1
616,STORE_616,CENTRAL,UK,1
617,STORE_617,CENTRAL,US,1
618,STORE_618,NORTH,IN,0
619,STORE_619,WEST,UK,0
620,STORE_620,CENTRAL,DE,1
621,STORE_621,SOUTH,US,1
622,STORE_622,WEST,SG,1
623,STORE_623,NORTH,US,0
624,STORE_624,EAST,FR,0
625,STORE_625,NORTH,SG,0
626,STORE_626,SOUTH,DE,0
627,STORE_627,EAST,UK,1
628,STORE_628,CENTRAL,UK,1
629,STORE_629,NORTH,US,0
630,STORE_630,WEST,FR,1
631,STORE_631,CENTRAL,US,1
632,STORE_632,EAST,DE,1
633,STORE_633,WEST,US,0
634,STORE_634,CENTRAL,DE,1
635,STORE_635,WEST,FR,0
636,STORE_636,CENTRAL,IN,1
637,STORE_637,,IN,1
638,STORE_638,SOUTH,FR,0
639,STORE_639,WEST,DE,0
640,STORE_640,WEST,DE,1
641,STORE_641,NORTH,FR,0
642,STORE_642,WEST,US,1
643,STORE_643,SOUTH,US,0
644,STORE_644,WEST,DE,1
645,STORE_645,CENTRAL,IN,0
646,STORE_646,WEST,IN,1
647,STORE_647,EAST,UK,1
648,STORE_648,NORTH,SG,0
649,STORE_649,CENTRAL,IN,1
650,STORE_650,WEST,UK,0
651,STORE_651,EAST,SG,1
652,STORE_652,CENTRAL,UK,0
653,STORE_653,EAST,FR,0
654,STORE_654,SOUTH,FR,0
655,STORE_655,EAST,SG,1
656,STORE_656,NORTH,SG,0
657,STORE_657,SOUTH,FR,0
658,STORE_658,EAST,IN,0
659,STORE_659,WEST,UK,1
660,STORE_660,SOUTH,DE,0
661,STORE_661,CENTRAL,SG,0
662,STORE_662,EAST,FR,1
663,STORE_663,WEST,IN,1
664,STORE_664,NORTH,SG,1
665,STORE_665,SOUTH,UK,0
666,STORE_666,WEST,UK,0
667,STORE_667,NORTH,DE,0
668,STORE_668,WEST,IN,0
669,STORE_669,CENTRAL,SG,1
670,STORE_670,EAST,DE,0
671,STORE_671,NORTH,UK,1
672,STORE_672,CENTRAL,DE,0
673,STORE_673,SOUTH,DE,1
674,STORE_674,NORTH,FR,1
675,STORE_675,EAST,UK,1
676,STORE_676,SOUTH,DE,1
677,STORE_677,CENTRAL,FR,0
678,STORE_678,WEST,SG,1
679,STORE_679,CENTRAL,SG,0
680,STORE_680,CENTRAL,DE,1
681,STORE_681,NORTH,IN,1
682,STORE_682,EAST,SG,1
683,STORE_683,WEST,US,0
684,STORE_684,NORTH,DE,1
685,STORE_685,CENTRAL,UK,1
686,STORE_686,EAST,DE,1
687,STORE_687,WEST,SG,1
688,STORE_688,NORTH,DE,0
689,STORE_689,CENTRAL,SG,1
690,STORE_690,EAST,FR,0
691,STORE_691,EAST,FR,1
692,STORE_692,WEST,UK,0
693,STORE_693,SOUTH,DE,1
694,STORE_694,EAST,IN,0
695,STORE_695,EAST,DE,1
696,STORE_696,SOUTH,DE,1
697,STORE_697,NORTH,IN,1
698,STORE_698,WEST,US,1
699,STORE_699,WEST,FR,0
700,STORE_700,CENTRAL,IN,1
701,STORE_701,SOUTH,DE,0
702,STORE_702,NORTH,IN,1
703,STORE_703,EAST,DE,0
704,STORE_704,NORTH,DE,1
705,STORE_705,WEST,IN,1
706,STORE_706,WEST,SG,1
707,STORE_707,CENTRAL,US,0
708,STORE_708,SOUTH,DE,1
709,STORE_709,EAST,SG,0
710,STORE_710,CENTRAL,FR,0
711,STORE_711,,US,0
712,STORE_712,EAST,FR,0
713,STORE_713,SOUTH,UK,1
714,STORE_714,CENTRAL,UK,0
715,STORE_715,CENTRAL,SG,0
716,STORE_716,NORTH,DE,1
717,STORE_717,WEST,UK,0
718,STORE_718,EAST,DE,1
719,STORE_719,NORTH,IN,0
720,STORE_720,NORTH,US,0
721,STORE_721,NORTH,IN,0
722,STORE_722,SOUTH,US,1
723,STORE_723,WEST,DE,0
724,STORE_724,WEST,FR,0
725,STORE_725,CENTRAL,SG,1
726,STORE_726,EAST,UK,0
727,STORE_727,WEST,US,1
728,STORE_728,WEST,DE,1
729,STORE_729,NORTH,US,1
730,STORE_730,SOUTH,UK,0
731,STORE_731,NORTH,US,0
732,STORE_732,CENTRAL,IN,1
733,STORE_733,SOUTH,UK,0
734,STORE_734,WEST,UK,0
735,STORE_735,WEST,IN,1
736,STORE_736,WEST,SG,1
737,STORE_737,NORTH,DE,0
738,STORE_738,EAST,US,0
739,STORE_739,,FR,0
740,STORE_740,NORTH,SG,0
741,STORE_741,WEST,SG,0
742,STORE_742,NORTH,DE,1
743,STORE_743,EAST,UK,1
744,STORE_744,NORTH,FR,0
745,STORE_745,EAST,FR,1
746,STORE_746,EAST,FR,0
747,STORE_747,WEST,SG,1
748,STORE_748,NORTH,DE,0
749,STORE_749,NORTH,US,0
750,STORE_750,SOUTH,IN,1
751,STORE_751,SOUTH,UK,1
752,STORE_752,WEST,US,0
753,STORE_753,WEST,UK,0
754,STORE_754,NORTH,SG,0
755,STORE_755,WEST,UK,0
756,STORE_756,EAST,IN,1
757,STORE_757,EAST,FR,1
758,STORE_758,WEST,FR,0
759,STORE_759,SOUTH,FR,1
760,STORE_760,SOUTH,SG,0
761,STORE_761,WEST,FR,1
762,STORE_762,NORTH,US,1
763,STORE_763,CENTRAL,DE,0
764,STORE_764,EAST,UK,1
765,STORE_765,NORTH,IN,0
766,STORE_766,NORTH,SG,0
767,STORE_767,EAST,SG,1
768,STORE_768,SOUTH,UK,0
769,STORE_769,EAST,FR,1
770,STORE_770,SOUTH,IN,0
771,STORE_771,CENTRAL,DE,1
772,STORE_772,EAST,FR,1
773,STORE_773,NORTH,UK,1
774,STORE_774,EAST,UK,0
775,STORE_775,EAST,UK,0
776,STORE_776,NORTH,IN,0
777,STORE_777,NORTH,SG,0
778,STORE_778,CENTRAL,FR,1
779,STORE_779,NORTH,SG,1
780,STORE_780,NORTH,US,1
781,STORE_781,NORTH,UK,0
782,STORE_782,NORTH,US,0
783,STORE_783,NORTH,IN,1
784,STORE_784,WEST,FR,1
785,STORE_785,CENTRAL,DE,1
786,STORE_786,SOUTH,IN,0
787,STORE_787,NORTH,FR,1
788,STORE_788,CENTRAL,DE,1
789,STORE_789,EAST,US,1
790,STORE_790,EAST,SG,1
791,STORE_791,CENTRAL,DE,0
792,STORE_792,SOUTH,US,0
793,STORE_793,EAST,UK,1
794,STORE_794,,DE,0
795,STORE_795,NORTH,UK,1
796,STORE_796,WEST,US,0
797,STORE_797,CENTRAL,US,1
798,STORE_798,CENTRAL,IN,1
799,STORE_799,NORTH,DE,1
800,STORE_800,CENTRAL,SG,1
801,STORE_801,SOUTH,SG,0
802,STORE_802,EAST,FR,0
803,STORE_803,CENTRAL,SG,1
804,STORE_804,NORTH,DE,1
805,STORE_805,SOUTH,IN,1
806,STORE_806,WEST,DE,0
807,STORE_807,NORTH,UK,0
808,STORE_808,NORTH,SG,1
809,STORE_809,WEST,US,1
810,STORE_810,SOUTH,US,1
811,STORE_811,EAST,US,0
812,STORE_812,WEST,SG,1
813,STORE_813,SOUTH,FR,0
814,STORE_814,SOUTH,SG,1
815,STORE_815,SOUTH,US,1
816,STORE_816,NORTH,DE,0
817,STORE_817,EAST,FR,0
818,STORE_818,WEST,US,0
819,STORE_819,SOUTH,IN,0
820,STORE_820,EAST,DE,1
821,STORE_821,WEST,DE,1
822,STORE_822,NORTH,US,0
823,STORE_823,CENTRAL,UK,1
824,STORE_824,NORTH,FR,1
825,STORE_825,SOUTH,IN,0
826,STORE_826,CENTRAL,DE,0
827,STORE_827,NORTH,IN,0
828,STORE_828,EAST,UK,0
829,STORE_829,SOUTH,IN,1
830,STORE_830,NORTH,FR,0
831,STORE_831,CENTRAL,FR,0
832,STORE_832,EAST,IN,1
833,STORE_833,NORTH,IN,1
834,STORE_834,WEST,FR,1
835,STORE_835,CENTRAL,DE,1
836,STORE_836,EAST,FR,1
837,STORE_837,SOUTH,US,1
838,STORE_838,SOUTH,DE,1
839,STORE_839,WEST,FR,1
840,STORE_840,WEST,UK,1
841,STORE_841,WEST,UK,1
842,STORE_842,SOUTH,FR,0
843,STORE_843,WEST,DE,1
844,STORE_844,NORTH,IN,0
845,STORE_845,SOUTH,UK,0
846,STORE_846,WEST,DE,1
847,STORE_847,CENTRAL,UK,0
848,STORE_848,SOUTH,US,0
849,STORE_849,WEST,DE,0
850,STORE_850,CENTRAL,UK,0
851,STORE_851,SOUTH,FR,0
852,STORE_852,EAST,FR,1
853,STORE_853,NORTH,SG,1
854,STORE_854,SOUTH,SG,0
855,STORE_855,SOUTH,SG,1
856,STORE_856,WEST,DE,1
857,STORE_857,CENTRAL,US,0
858,STORE_858,SOUTH,UK,0
859,STORE_859,EAST,FR,0
860,STORE_860,CENTRAL,DE,0
861,STORE_861,WEST,US,0
862,STORE_862,NORTH,DE,1
863,STORE_863,EAST,US,0
864,STORE_864,WEST,US,1
865,STORE_865,WEST,DE,1
866,STORE_866,SOUTH,IN,1
867,STORE_867,EAST,FR,1
868,STORE_868,CENTRAL,US,1
869,STORE_869,WEST,UK,1
870,STORE_870,WEST,FR,0
871,STORE_871,EAST,SG,1
872,STORE_872,SOUTH,SG,0
873,STORE_873,SOUTH,SG,1
874,STORE_874,CENTRAL,UK,0
875,STORE_875,EAST,SG,1
876,STORE_876,SOUTH,FR,0
877,STORE_877,WEST,FR,1
878,STORE_878,WEST,IN,0
879,STORE_879,WEST,UK,0
880,STORE_880,EAST,DE,0
881,STORE_881,NORTH,SG,1
882,STORE_882,EAST,UK,0
883,STORE_883,NORTH,DE,1
884,STORE_884,CENTRAL,SG,0
885,STORE_885,CENTRAL,FR,1
886,STORE_886,CENTRAL,DE,0
887,STORE_887,NORTH,UK,0
888,STORE_888,NORTH,DE,0
889,STORE_889,CENTRAL,DE,0
890,STORE_890,CENTRAL,DE,0
891,STORE_891,NORTH,SG,0
892,STORE_892,WEST,FR,0
893,STORE_893,NORTH,UK,1
894,STORE_894,SOUTH,SG,1
895,STORE_895,SOUTH,IN,1
896,STORE_896,NORTH,UK,0
897,STORE_897,NORTH,DE,1
898,STORE_898,WEST,FR,0
899,STORE_899,EAST,UK,0
900,STORE_900,EAST,US,1
901,STORE_901,CENTRAL,US,0
902,STORE_902,CENTRAL,UK,1
903,STORE_903,NORTH,FR,0
904,STORE_904,SOUTH,SG,0
905,STORE_905,,DE,0
906,STORE_906,NORTH,SG,1
907,STORE_907,SOUTH,US,1
908,STORE_908,WEST,UK,0
909,STORE_909,NORTH,US,0
910,STORE_910,NORTH,US,1
911,STORE_911,CENTRAL,FR,0
912,STORE_912,EAST,DE,1
913,STORE_913,SOUTH,IN,1
914,STORE_914,SOUTH,IN,0
915,STORE_915,EAST,DE,0
916,STORE_916,NORTH,IN,1
917,STORE_917,WEST,IN,0
918,STORE_918,CENTRAL,FR,1
919,STORE_919,CENTRAL,US,1
920,STORE_920,NORTH,SG,1
921,STORE_921,EAST,UK,1
922,STORE_922,CENTRAL,US,0
923,STORE_923,CENTRAL,IN,0
924,STORE_924,NORTH,US,1
925,STORE_925,EAST,DE,0
926,STORE_926,CENTRAL,FR,1
927,STORE_927,SOUTH,UK,0
928,STORE_928,SOUTH,UK,0
929,STORE_929,EAST,UK,0
930,STORE_930,WEST,DE,1
931,STORE_931,WEST,IN,1
932,STORE_932,SOUTH,SG,1
933,STORE_933,SOUTH,DE,0
934,STORE_934,SOUTH,IN,1
935,STORE_935,EAST,US,1
936,STORE_936,CENTRAL,SG,0
937,STORE_937,WEST,US,0
938,STORE_938,WEST,FR,1
939,STORE_939,EAST,SG,1
940,STORE_940,EAST,FR,1
941,STORE_941,NORTH,US,0
942,STORE_942,SOUTH,DE,1
943,STORE_943,WEST,SG,0
944,STORE_944,SOUTH,IN,0
945,STORE_945,WEST,DE,1
946,STORE_946,SOUTH,UK,0
947,STORE_947,WEST,FR,0
948,STORE_948,EAST,UK,1
949,STORE_949,EAST,IN,0
950,STORE_950,WEST,DE,1
951,STORE_951,EAST,SG,0
952,STORE_952,NORTH,SG,0
953,STORE_953,CENTRAL,US,0
954,STORE_954,WEST,US,1
955,STORE_955,EAST,US,1
956,STORE_956,NORTH,IN,1
957,STORE_957,SOUTH,UK,1
958,STORE_958,EAST,UK,0
959,STORE_959,SOUTH,DE,0
960,STORE_960,EAST,US,1
961,STORE_961,CENTRAL,DE,0
962,STORE_962,EAST,FR,1
963,STORE_963,CENTRAL,FR,0
964,STORE_964,,US,1
965,STORE_965,SOUTH,UK,0
966,STORE_966,SOUTH,US,1
967,STORE_967,WEST,UK,1
968,STORE_968,CENTRAL,IN,0
969,STORE_969,SOUTH,FR,1
970,STORE_970,WEST,IN,0
971,STORE_971,WEST,IN,1
972,STORE_972,CENTRAL,DE,1
973,STORE_973,EAST,US,0
974,STORE_974,SOUTH,IN,0
975,STORE_975,NORTH,IN,1
976,STORE_976,NORTH,SG,0
977,STORE_977,SOUTH,SG,1
978,STORE_978,SOUTH,IN,0
979,STORE_979,SOUTH,SG,1
980,STORE_980,SOUTH,FR,1
981,STORE_981,EAST,US,1
982,STORE_982,NORTH,IN,0
983,STORE_983,NORTH,UK,1
984,STORE_984,SOUTH,FR,0
985,STORE_985,WEST,DE,1
986,STORE_986,CENTRAL,UK,0
987,STORE_987,WEST,UK,1
988,STORE_988,CENTRAL,UK,0
989,STORE_989,CENTRAL,FR,1
990,STORE_990,CENTRAL,SG,1
991,STORE_991,NORTH,US,1
992,STORE_992,EAST,UK,1
993,STORE_993,SOUTH,SG,0
994,STORE_994,CENTRAL,DE,1
995,STORE_995,WEST,US,1
996,STORE_996,EAST,FR,1
997,STORE_997,SOUTH,FR,0
998,STORE_998,NORTH,FR,1
999,STORE_999,NORTH,DE,1
1000,STORE_1000,WEST,US,0
1001,STORE_1001,EAST,US,0
1002,STORE_1002,CENTRAL,IN,0
1003,STORE_1003,EAST,UK,0
1004,STORE_1004,WEST,FR,0
1005,STORE_1005,EAST,FR,1
1006,STORE_1006,WEST,IN,1
1007,STORE_1007,EAST,SG,0
1008,STORE_1008,NORTH,SG,1
1009,STORE_1009,NORTH,DE,1
1010,STORE_1010,EAST,DE,1
1011,STORE_1011,EAST,IN,0
1012,STORE_1012,WEST,DE,1
1013,STORE_1013,CENTRAL,IN,1
1014,STORE_1014,EAST,US,1
1015,STORE_1015,NORTH,US,0
1016,STORE_1016,EAST,UK,1
1017,STORE_1017,SOUTH,FR,0
1018,STORE_1018,SOUTH,UK,1
1019,STORE_1019,WEST,UK,0
1020,STORE_1020,EAST,SG,0
1021,STORE_1021,SOUTH,SG,0
1022,STORE_1022,NORTH,FR,1
1023,STORE_1023,WEST,DE,0
1024,STORE_1024,EAST,FR,1
1025,STORE_1025,WEST,DE,1
1026,STORE_1026,WEST,IN,0
1027,STORE_1027,EAST,FR,0
1028,STORE_1028,SOUTH,UK,1
1029,STORE_1029,NORTH,UK,1
1030,STORE_1030,WEST,FR,1
1031,STORE_1031,CENTRAL,SG,0
1032,STORE_1032,CENTRAL,FR,0
1033,STORE_1033,EAST,SG,0
1034,STORE_1034,CENTRAL,IN,1
1035,STORE_1035,CENTRAL,US,1
1036,STORE_1036,SOUTH,UK,0
1037,STORE_1037,CENTRAL,IN,0
1038,STORE_1038,NORTH,SG,0
1039,STORE_1039,WEST,SG,1
1040,STORE_1040,WEST,SG,1
1041,STORE_1041,EAST,DE,1
1042,STORE_1042,CENTRAL,DE,0
1043,STORE_1043,SOUTH,IN,1
1044,STORE_1044,NORTH,FR,0
1045,STORE_1045,NORTH,DE,1
1046,STORE_1046,EAST,IN,0
1047,STORE_1047,WEST,FR,1
1048,STORE_1048,NORTH,FR,1
1049,STORE_1049,NORTH,SG,0
1050,STORE_1050,EAST,US,1
1051,STORE_1051,EAST,IN,1
1052,STORE_1052,EAST,IN,0
1053,STORE_1053,CENTRAL,FR,1
1054,STORE_1054,CENTRAL,FR,1
1055,STORE_1055,NORTH,IN,1
1056,STORE_1056,EAST,US,1
1057,STORE_1057,NORTH,UK,0
1058,STORE_1058,SOUTH,DE,1
1059,STORE_1059,NORTH,UK,1
1060,STORE_1060,NORTH,US,0
1061,STORE_1061,CENTRAL,SG,1
1062,STORE_1062,CENTRAL,FR,0
1063,STORE_1063,WEST,IN,0
1064,STORE_1064,NORTH,SG,0
1065,STORE_1065,EAST,DE,1
1066,STORE_1066,SOUTH,IN,0
1067,STORE_1067,NORTH,IN,1
1068,STORE_1068,CENTRAL,US,1
1069,STORE_1069,WEST,IN,0
1070,STORE_1070,SOUTH,FR,1
1071,STORE_1071,EAST,SG,1
1072,STORE_1072,SOUTH,DE,0
1073,STORE_1073,NORTH,SG,1
1074,STORE_1074,NORTH,FR,0
1075,STORE_1075,NORTH,FR,1
1076,STORE_1076,WEST,DE,0
1077,STORE_1077,EAST,SG,0
1078,STORE_1078,,UK,1
1079,STORE_1079,CENTRAL,IN,0
1080,STORE_1080,EAST,UK,0
1081,STORE_1081,WEST,UK,0
1082,STORE_1082,CENTRAL,US,0
1083,STORE_1083,EAST,FR,1
1084,STORE_1084,CENTRAL,FR,1
1085,STORE_1085,WEST,FR,0
1086,STORE_1086,CENTRAL,SG,1
1087,STORE_1087,EAST,FR,1
1088,STORE_1088,NORTH,US,0
1089,STORE_1089,SOUTH,US,1
1090,STORE_1090,CENTRAL,DE,0
1091,STORE_1091,EAST,FR,0
1092,STORE_1092,WEST,IN,1
1093,STORE_1093,SOUTH,DE,0
1094,STORE_1094,SOUTH,UK,0
1095,STORE_1095,WEST,UK,0
1096,STORE_1096,WEST,IN,0
1097,STORE_1097,SOUTH,FR,1
1098,STORE_1098,NORTH,SG,1
1099,STORE_1099,WEST,IN,1
1100,STORE_1100,SOUTH,FR,1
1101,STORE_1101,WEST,SG,1
1102,STORE_1102,EAST,FR,1
1103,STORE_1103,NORTH,SG,0
1104,STORE_1104,CENTRAL,DE,1
1105,STORE_1105,WEST,IN,1
1106,STORE_1106,WEST,FR,1
1107,STORE_1107,CENTRAL,US,1
1108,STORE_1108,WEST,SG,0
1109,STORE_1109,NORTH,DE,1
1110,STORE_1110,CENTRAL,UK,1
1111,STORE_1111,WEST,DE,1
1112,STORE_1112,SOUTH,SG,0
1113,STORE_1113,EAST,FR,1
1114,STORE_1114,EAST,US,0
1115,STORE_1115,NORTH,US,1
1116,STORE_1116,NORTH,FR,0
1117,STORE_1117,SOUTH,DE,0
1118,STORE_1118,SOUTH,FR,1
1119,STORE_1119,NORTH,SG,1
1120,STORE_1120,WEST,SG,1
1121,STORE_1121,SOUTH,SG,0
1122,STORE_1122,WEST,FR,0
1123,STORE_1123,WEST,SG,0
1124,STORE_1124,SOUTH,DE,0
1125,STORE_1125,WEST,IN,1
1126,STORE_1126,EAST,FR,0
1127,STORE_1127,WEST,UK,1
1128,STORE_1128,NORTH,SG,0
1129,STORE_1129,NORTH,UK,1
1130,STORE_1130,EAST,UK,1
1131,STORE_1131,WEST,UK,1
1132,STORE_1132,WEST,US,1
1133,STORE_1133,SOUTH,DE,0
1134,STORE_1134,CENTRAL,SG,0
1135,STORE_1135,SOUTH,FR,0
1136,STORE_1136,SOUTH,US,0
1137,STORE_1137,NORTH,UK,0
1138,STORE_1138,NORTH,IN,0
1139,STORE_1139,WEST,FR,0
1140,STORE_1140,NORTH,UK,1
1141,STORE_1141,CENTRAL,SG,0
1142,STORE_1142,WEST,SG,0
1143,STORE_1143,NORTH,US,0
1144,STORE_1144,SOUTH,UK,1
1145,STORE_1145,CENTRAL,SG,0
1146,STORE_1146,WEST,SG,1
1147,STORE_1147,EAST,FR,0
1148,STORE_1148,NORTH,US,0
1149,STORE_1149,CENTRAL,SG,0
1150,STORE_1150,,US,0
1151,STORE_1151,NORTH,US,0
1152,STORE_1152,WEST,IN,1
1153,STORE_1153,EAST,DE,1
1154,STORE_1154,NORTH,SG,1
1155,STORE_1155,NORTH,SG,1
1156,STORE_1156,EAST,FR,0
1157,STORE_1157,NORTH,US,0
1158,STORE_1158,CENTRAL,US,0
1159,STORE_1159,WEST,FR,1
1160,STORE_1160,EAST,FR,0
1161,STORE_1161,CENTRAL,US,1
1162,STORE_1162,CENTRAL,US,0
1163,STORE_1163,SOUTH,FR,0
1164,STORE_1164,NORTH,SG,0
1165,STORE_1165,SOUTH,FR,0
1166,STORE_1166,SOUTH,DE,1
1167,STORE_1167,SOUTH,SG,1
1168,STORE_1168,NORTH,UK,0
1169,STORE_1169,EAST,DE,1
1170,STORE_1170,NORTH,FR,1
1171,STORE_1171,EAST,DE,0
1172,STORE_1172,EAST,FR,0
1173,STORE_1173,CENTRAL,IN,0
1174,STORE_1174,NORTH,DE,1
1175,STORE_1175,SOUTH,FR,0
1176,STORE_1176,SOUTH,US,0
1177,STORE_1177,,DE,1
1178,STORE_1178,CENTRAL,FR,0
1179,STORE_1179,SOUTH,IN,0
1180,STORE_1180,NORTH,SG,0
1181,STORE_1181,NORTH,DE,0
1182,STORE_1182,,US,0
1183,STORE_1183,WEST,UK,1
1184,STORE_1184,CENTRAL,US,0
1185,STORE_1185,NORTH,FR,1
1186,STORE_1186,EAST,IN,0
1187,STORE_1187,CENTRAL,FR,0
1188,STORE_1188,EAST,UK,1
1189,STORE_1189,SOUTH,UK,0
1190,STORE_1190,WEST,UK,0
1191,STORE_1191,EAST,FR,1
1192,STORE_1192,NORTH,DE,1
1193,STORE_1193,CENTRAL,UK,1
1194,STORE_1194,WEST,IN,0
1195,STORE_1195,SOUTH,FR,0
1196,STORE_1196,CENTRAL,SG,0
1197,STORE_1197,NORTH,IN,0
1198,STORE_1198,EAST,DE,0
1199,STORE_1199,CENTRAL,IN,0
1200,STORE_1200,EAST,SG,0
1201,STORE_1201,CENTRAL,DE,0
1202,STORE_1202,SOUTH,UK,0
1203,STORE_1203,NORTH,SG,0
1204,STORE_1204,EAST,US,1
1205,STORE_1205,NORTH,UK,1
1206,STORE_1206,SOUTH,IN,0
1207,STORE_1207,WEST,US,1
1208,STORE_1208,CENTRAL,UK,1
1209,STORE_1209,NORTH,FR,1
1210,STORE_1210,WEST,DE,1
1211,STORE_1211,NORTH,SG,1
1212,STORE_1212,WEST,SG,1
1213,STORE_1213,SOUTH,FR,1
1214,STORE_1214,SOUTH,SG,0
1215,STORE_1215,EAST,US,1
1216,STORE_1216,EAST,SG,0
1217,STORE_1217,NORTH,IN,1
1218,STORE_1218,NORTH,IN,0
1219,STORE_1219,CENTRAL,SG,0
1220,STORE_1220,EAST,FR,0
1221,STORE_1221,SOUTH,IN,1
1222,STORE_1222,EAST,IN,0
1223,STORE_1223,WEST,DE,0
1224,STORE_1224,EAST,IN,1
1225,STORE_1225,SOUTH,FR,0
1226,STORE_1226,NORTH,UK,1
1227,STORE_1227,NORTH,UK,1
1228,STORE_1228,WEST,FR,0
1229,STORE_1229,EAST,IN,1
1230,STORE_1230,CENTRAL,SG,1
1231,STORE_1231,NORTH,DE,0
1232,STORE_1232,EAST,US,0
1233,STORE_1233,EAST,DE,0
1234,STORE_1234,NORTH,FR,1
1235,STORE_1235,CENTRAL,FR,1
1236,STORE_1236,EAST,US,1
1237,STORE_1237,SOUTH,US,0
1238,STORE_1238,CENTRAL,UK,1
1239,STORE_1239,NORTH,US,0
1240,STORE_1240,SOUTH,UK,0
1241,STORE_1241,SOUTH,SG,0
1242,STORE_1242,NORTH,US,1
1243,STORE_1243,WEST,IN,0
1244,STORE_1244,,US,0
1245,STORE_1245,EAST,FR,0
1246,STORE_1246,SOUTH,UK,0
1247,STORE_1247,WEST,US,1
1248,STORE_1248,EAST,SG,0
1249,STORE_1249,EAST,DE,0
1250,STORE_1250,CENTRAL,FR,0
1251,STORE_1251,SOUTH,FR,1
1252,STORE_1252,NORTH,UK,0
1253,STORE_1253,WEST,IN,1
1254,STORE_1254,SOUTH,UK,1
1255,STORE_1255,SOUTH,SG,1
1256,STORE_1256,CENTRAL,IN,0
1257,STORE_1257,EAST,UK,1
1258,STORE_1258,WEST,SG,1
1259,STORE_1259,WEST,SG,1
1260,STORE_1260,SOUTH,US,0
1261,STORE_1261,NORTH,UK,0
1262,STORE_1262,SOUTH,IN,1
1263,STORE_1263,CENTRAL,IN,0
1264,STORE_1264,EAST,SG,1
1265,STORE_1265,SOUTH,UK,0
1266,STORE_1266,WEST,US,0
1267,STORE_1267,EAST,FR,0
1268,STORE_1268,CENTRAL,FR,1
1269,STORE_1269,CENTRAL,IN,1
1270,STORE_1270,SOUTH,DE,0
1271,STORE_1271,SOUTH,US,0
1272,STORE_1272,SOUTH,FR,0
1273,STORE_1273,CENTRAL,DE,1
1274,STORE_1274,EAST,DE,1
1275,STORE_1275,NORTH,US,0
1276,STORE_1276,NORTH,SG,0
1277,STORE_1277,EAST,US,1
1278,STORE_1278,WEST,SG,0
1279,STORE_1279,WEST,FR,1
1280,STORE_1280,NORTH,US,0
1281,STORE_1281,EAST,DE,1
1282,STORE_1282,NORTH,FR,0
1283,STORE_1283,EAST,FR,0
1284,STORE_1284,EAST,DE,0
1285,STORE_1285,SOUTH,IN,0
1286,STORE_1286,EAST,IN,1
1287,STORE_1287,CENTRAL,FR,0
1288,STORE_1288,EAST,IN,0
1289,STORE_1289,WEST,DE,0
1290,STORE_1290,WEST,SG,0
1291,STORE_1291,NORTH,SG,0
1292,STORE_1292,CENTRAL,SG,0
1293,STORE_1293,NORTH,DE,0
1294,STORE_1294,EAST,FR,1
1295,STORE_1295,SOUTH,US,0
1296,STORE_1296,EAST,UK,0
1297,STORE_1297,SOUTH,FR,1
1298,STORE_1298,EAST,US,0
1299,STORE_1299,WEST,UK,0
1300,STORE_1300,CENTRAL,DE,0
1301,STORE_1301,SOUTH,SG,0
1302,STORE_1302,EAST,IN,0
1303,STORE_1303,NORTH,US,1
1304,STORE_1304,CENTRAL,US,1
1305,STORE_1305,EAST,FR,0
1306,STORE_1306,CENTRAL,US,1
1307,STORE_1307,NORTH,SG,0
1308,STORE_1308,SOUTH,US,1
1309,STORE_1309,,IN,1
1310,STORE_1310,EAST,SG,1
1311,STORE_1311,CENTRAL,SG,1
1312,STORE_1312,SOUTH,US,1
1313,STORE_1313,NORTH,SG,0
1314,STORE_1314,SOUTH,DE,1
1315,STORE_1315,SOUTH,IN,1
1316,STORE_1316,CENTRAL,US,1
1317,STORE_1317,NORTH,DE,0
1318,STORE_1318,EAST,UK,1
1319,STORE_1319,WEST,SG,0
1320,STORE_1320,WEST,SG,1
1321,STORE_1321,CENTRAL,SG,0
1322,STORE_1322,CENTRAL,SG,0
1323,STORE_1323,NORTH,UK,1
1324,STORE_1324,NORTH,UK,1
1325,STORE_1325,NORTH,UK,1
1326,STORE_1326,SOUTH,SG,0
1327,STORE_1327,NORTH,UK,0
1328,STORE_1328,EAST,FR,1
1329,STORE_1329,CENTRAL,IN,1
1330,STORE_1330,CENTRAL,FR,0
1331,STORE_1331,WEST,FR,1
1332,STORE_1332,EAST,UK,0
1333,STORE_1333,SOUTH,SG,1
1334,STORE_1334,SOUTH,IN,1
1335,STORE_1335,NORTH,US,0
1336,STORE_1336,SOUTH,IN,0
1337,STORE_1337,CENTRAL,IN,0
1338,STORE_1338,SOUTH,FR,0
1339,STORE_1339,NORTH,IN,1
1340,STORE_1340,NORTH,DE,1
1341,STORE_1341,EAST,FR,1
1342,STORE_1342,CENTRAL,DE,0
1343,STORE_1343,NORTH,DE,0
1344,STORE_1344,EAST,FR,1
1345,STORE_1345,EAST,US,0
1346,STORE_1346,EAST,US,1
1347,STORE_1347,EAST,SG,1
1348,STORE_1348,EAST,UK,0
1349,STORE_1349,CENTRAL,US,0
1350,STORE_1350,CENTRAL,US,0
1351,STORE_1351,WEST,IN,0
1352,STORE_1352,WEST,SG,0
1353,STORE_1353,CENTRAL,UK,0
1354,STORE_1354,WEST,US,0
1355,STORE_1355,WEST,IN,1
1356,STORE_1356,WEST,US,1
1357,STORE_1357,EAST,UK,0
1358,STORE_1358,CENTRAL,UK,1
1359,STORE_1359,CENTRAL,DE,0
1360,STORE_1360,CENTRAL,DE,0
1361,STORE_1361,NORTH,US,0
1362,STORE_1362,SOUTH,FR,0
1363,STORE_1363,SOUTH,US,1
1364,STORE_1364,NORTH,UK,1
1365,STORE_1365,SOUTH,US,1
1366,STORE_1366,EAST,IN,0
1367,STORE_1367,WEST,UK,1
1368,STORE_1368,CENTRAL,UK,0
1369,STORE_1369,EAST,UK,0
1370,STORE_1370,SOUTH,US,0
1371,STORE_1371,NORTH,IN,0
1372,STORE_1372,CENTRAL,UK,1
1373,STORE_1373,,SG,0
1374,STORE_1374,EAST,SG,0
1375,STORE_1375,EAST,US,0
1376,STORE_1376,WEST,US,1
1377,STORE_1377,EAST,FR,0
1378,STORE_1378,CENTRAL,FR,1
1379,STORE_1379,EAST,DE,0
1380,STORE_1380,CENTRAL,SG,0
1381,STORE_1381,SOUTH,US,1
1382,STORE_1382,NORTH,DE,0
1383,STORE_1383,NORTH,SG,1
1384,STORE_1384,WEST,IN,0
1385,STORE_1385,SOUTH,UK,1
1386,STORE_1386,WEST,US,0
1387,STORE_1387,WEST,IN,0
1388,STORE_1388,EAST,UK,1
1389,STORE_1389,WEST,US,1
1390,STORE_1390,CENTRAL,IN,1
1391,STORE_1391,NORTH,SG,1
1392,STORE_1392,WEST,DE,0
1393,STORE_1393,,IN,1
1394,STORE_1394,EAST,FR,0
1395,STORE_1395,SOUTH,SG,0
1396,STORE_1396,CENTRAL,DE,1
1397,STORE_1397,EAST,US,1
1398,STORE_1398,NORTH,SG,1
1399,STORE_1399,NORTH,FR,0
1400,STORE_1400,CENTRAL,US,1
1401,STORE_1401,EAST,UK,1
1402,STORE_1402,EAST,UK,1
1403,STORE_1403,EAST,FR,0
1404,STORE_1404,EAST,IN,1
1405,STORE_1405,WEST,US,0
1406,STORE_1406,WEST,SG,0
1407,STORE_1407,WEST,UK,0
1408,STORE_1408,EAST,US,1
1409,STORE_1409,NORTH,US,0
1410,STORE_1410,EAST,DE,0
1411,STORE_1411,NORTH,DE,0
1412,STORE_1412,NORTH,FR,1
1413,STORE_1413,CENTRAL,US,0
1414,STORE_1414,EAST,US,1
1415,STORE_1415,SOUTH,US,0
1416,STORE_1416,NORTH,IN,0
1417,STORE_1417,WEST,UK,1
1418,STORE_1418,WEST,UK,1
1419,STORE_1419,EAST,SG,1
1420,STORE_1420,CENTRAL,US,1
1421,STORE_1421,WEST,DE,0
1422,STORE_1422,EAST,US,0
1423,STORE_1423,WEST,IN,0
1424,STORE_1424,EAST,IN,0
1425,STORE_1425,CENTRAL,FR,1
1426,STORE_1426,EAST,IN,0
1427,STORE_1427,CENTRAL,US,1
1428,STORE_1428,CENTRAL,SG,1
1429,STORE_1429,EAST,DE,0
1430,STORE_1430,EAST,US,1
1431,STORE_1431,WEST,US,0
1432,STORE_1432,EAST,UK,0
1433,STORE_1433,WEST,US,1
1434,STORE_1434,WEST,IN,0
1435,STORE_1435,WEST,SG,1
1436,STORE_1436,NORTH,IN,0
1437,STORE_1437,WEST,IN,0
1438,STORE_1438,WEST,DE,1
1439,STORE_1439,SOUTH,US,0
1440,STORE_1440,NORTH,SG,1
1441,STORE_1441,WEST,UK,1
1442,STORE_1442,NORTH,UK,1
1443,STORE_1443,WEST,DE,0
1444,STORE_1444,NORTH,UK,1
1445,STORE_1445,SOUTH,US,1
1446,STORE_1446,WEST,FR,1
1447,STORE_1447,CENTRAL,IN,1
1448,STORE_1448,SOUTH,DE,1
1449,STORE_1449,SOUTH,UK,0
1450,STORE_1450,CENTRAL,DE,0
1451,STORE_1451,WEST,US,0
1452,STORE_1452,NORTH,DE,0
1453,STORE_1453,SOUTH,SG,0
1454,STORE_1454,CENTRAL,FR,0
1455,STORE_1455,WEST,FR,1
1456,STORE_1456,SOUTH,SG,1
1457,STORE_1457,WEST,US,0
1458,STORE_1458,NORTH,IN,1
1459,STORE_1459,CENTRAL,IN,1
1460,STORE_1460,SOUTH,DE,1
1461,STORE_1461,WEST,US,1
1462,STORE_1462,NORTH,IN,1
1463,STORE_1463,CENTRAL,DE,0
1464,STORE_1464,EAST,UK,1
1465,STORE_1465,CENTRAL,UK,0
1466,STORE_1466,NORTH,FR,1
1467,STORE_1467,WEST,FR,1
1468,STORE_1468,WEST,SG,0
1469,STORE_1469,CENTRAL,US,1
1470,STORE_1470,,DE,1
1471,STORE_1471,SOUTH,SG,0
1472,STORE_1472,CENTRAL,DE,0
1473,STORE_1473,CENTRAL,DE,1
1474,STORE_1474,SOUTH,SG,1
1475,STORE_1475,WEST,DE,1
1476,STORE_1476,SOUTH,FR,1
1477,STORE_1477,WEST,US,1
1478,STORE_1478,SOUTH,DE,0
1479,STORE_1479,WEST,IN,0
1480,STORE_1480,WEST,UK,1
1481,STORE_1481,NORTH,UK,0
1482,STORE_1482,CENTRAL,UK,0
1483,STORE_1483,SOUTH,FR,0
1484,STORE_1484,CENTRAL,FR,0
1485,STORE_1485,NORTH,IN,1
1486,STORE_1486,EAST,US,0
1487,STORE_1487,NORTH,SG,1
1488,STORE_1488,CENTRAL,IN,1
1489,STORE_1489,WEST,SG,1
1490,STORE_1490,NORTH,FR,0
1491,STORE_1491,EAST,DE,0
1492,STORE_1492,WEST,DE,1
1493,STORE_1493,NORTH,US,0
1494,STORE_1494,SOUTH,FR,0
1495,STORE_1495,SOUTH,US,0
1496,STORE_1496,EAST,UK,1
1497,STORE_1497,WEST,IN,1
1498,STORE_1498,EAST,IN,1
1499,STORE_1499,EAST,FR,1
1500,STORE_1500,WEST,DE,0
1501,STORE_1501,WEST,UK,1
1502,STORE_1502,NORTH,UK,0
1503,STORE_1503,CENTRAL,FR,0
1504,STORE_1504,SOUTH,FR,0
1505,STORE_1505,SOUTH,SG,1
1506,STORE_1506,NORTH,FR,0
1507,STORE_1507,SOUTH,DE,0
1508,STORE_1508,WEST,DE,1
1509,STORE_1509,CENTRAL,FR,1
1510,STORE_1510,WEST,DE,1
1511,STORE_1511,SOUTH,DE,0
1512,STORE_1512,EAST,FR,1
1513,STORE_1513,NORTH,SG,1
1514,STORE_1514,NORTH,SG,1
1515,STORE_1515,EAST,DE,0
1516,STORE_1516,NORTH,FR,0
1517,STORE_1517,WEST,UK,1
1518,STORE_1518,EAST,US,1
1519,STORE_1519,WEST,SG,1
1520,STORE_1520,WEST,IN,0
1521,STORE_1521,WEST,DE,0
1522,STORE_1522,WEST,US,0
1523,STORE_1523,NORTH,IN,0
1524,STORE_1524,WEST,FR,1
1525,STORE_1525,WEST,DE,1
1526,STORE_1526,NORTH,IN,0
1527,STORE_1527,SOUTH,IN,0
1528,STORE_1528,SOUTH,SG,1
1529,STORE_1529,EAST,US,0
1530,STORE_1530,CENTRAL,US,0
1531,STORE_1531,SOUTH,UK,1
1532,STORE_1532,SOUTH,US,0
1533,STORE_1533,CENTRAL,UK,0
1534,STORE_1534,SOUTH,UK,1
1535,STORE_1535,WEST,US,0
1536,STORE_1536,SOUTH,SG,0
1537,STORE_1537,SOUTH,UK,1
1538,STORE_1538,NORTH,FR,1
1539,STORE_1539,NORTH,IN,0
1540,STORE_1540,CENTRAL,DE,1
1541,STORE_1541,EAST,UK,0
1542,STORE_1542,EAST,SG,1
1543,STORE_1543,NORTH,DE,1
1544,STORE_1544,EAST,DE,0
1545,STORE_1545,WEST,UK,1
1546,STORE_1546,NORTH,FR,0
1547,STORE_1547,,US,1
1548,STORE_1548,EAST,SG,1
1549,STORE_1549,SOUTH,IN,0
1550,STORE_1550,NORTH,UK,0
1551,STORE_1551,NORTH,DE,0
1552,STORE_1552,EAST,US,0
1553,STORE_1553,CENTRAL,FR,1
1554,STORE_1554,CENTRAL,FR,1
1555,STORE_1555,WEST,IN,0
1556,STORE_1556,WEST,FR,0
1557,STORE_1557,CENTRAL,FR,0
1558,STORE_1558,SOUTH,DE,0
1559,STORE_1559,NORTH,UK,1
1560,STORE_1560,CENTRAL,IN,1
1561,STORE_1561,NORTH,SG,0
1562,STORE_1562,SOUTH,SG,1
1563,STORE_1563,EAST,DE,0
1564,STORE_1564,WEST,SG,1
1565,STORE_1565,CENTRAL,UK,0
1566,STORE_1566,SOUTH,FR,0
1567,STORE_1567,SOUTH,SG,1
1568,STORE_1568,WEST,FR,0
1569,STORE_1569,EAST,US,1
1570,STORE_1570,EAST,IN,1
1571,STORE_1571,SOUTH,SG,1
1572,STORE_1572,SOUTH,FR,1
1573,STORE_1573,NORTH,US,1
1574,STORE_1574,WEST,US,0
1575,STORE_1575,CENTRAL,IN,0
1576,STORE_1576,EAST,IN,1
1577,STORE_1577,SOUTH,US,1
1578,STORE_1578,CENTRAL,UK,1
1579,STORE_1579,NORTH,IN,1
1580,STORE_1580,SOUTH,US,0
1581,STORE_1581,NORTH,IN,1
1582,STORE_1582,EAST,FR,1
1583,STORE_1583,SOUTH,SG,0
1584,STORE_1584,SOUTH,UK,1
1585,STORE_1585,CENTRAL,IN,0
1586,STORE_1586,EAST,US,0
1587,STORE_1587,NORTH,UK,1
1588,STORE_1588,EAST,DE,1
1589,STORE_1589,EAST,DE,0
1590,STORE_1590,SOUTH,SG,1
1591,STORE_1591,NORTH,SG,1
1592,STORE_1592,NORTH,UK,1
1593,STORE_1593,NORTH,DE,0
1594,STORE_1594,NORTH,US,1
1595,STORE_1595,SOUTH,US,0
1596,STORE_1596,CENTRAL,DE,0
1597,STORE_1597,EAST,DE,1
1598,STORE_1598,NORTH,DE,1
1599,STORE_1599,NORTH,US,1
1600,STORE_1600,SOUTH,SG,0
1601,STORE_1601,NORTH,UK,1
1602,STORE_1602,CENTRAL,UK,0
1603,STORE_1603,WEST,US,1
1604,STORE_1604,SOUTH,UK,0
1605,STORE_1605,WEST,FR,1
1606,STORE_1606,EAST,UK,0
1607,STORE_1607,SOUTH,US,1
1608,STORE_1608,SOUTH,SG,0
1609,STORE_1609,NORTH,UK,0
1610,STORE_1610,CENTRAL,SG,0
1611,STORE_1611,SOUTH,FR,0
1612,STORE_1612,NORTH,FR,0
1613,STORE_1613,SOUTH,IN,0
1614,STORE_1614,SOUTH,DE,0
1615,STORE_1615,EAST,SG,1
1616,STORE_1616,NORTH,US,1
1617,STORE_1617,NORTH,DE,0
1618,STORE_1618,CENTRAL,UK,0
1619,STORE_1619,NORTH,DE,0
1620,STORE_1620,CENTRAL,DE,0
1621,STORE_1621,EAST,UK,0
1622,STORE_1622,SOUTH,FR,1
1623,STORE_1623,NORTH,FR,1
1624,STORE_1624,SOUTH,FR,1
1625,STORE_1625,EAST,FR,1
1626,STORE_1626,WEST,FR,0
1627,STORE_1627,NORTH,DE,0
1628,STORE_1628,SOUTH,DE,1
1629,STORE_1629,SOUTH,SG,1
1630,STORE_1630,CENTRAL,DE,1
1631,STORE_1631,EAST,SG,1
1632,STORE_1632,NORTH,US,0
1633,STORE_1633,WEST,FR,1
1634,STORE_1634,EAST,US,0
1635,STORE_1635,NORTH,IN,1
1636,STORE_1636,SOUTH,IN,1
1637,STORE_1637,NORTH,UK,1
1638,STORE_1638,WEST,DE,1
1639,STORE_1639,CENTRAL,DE,0
1640,STORE_1640,SOUTH,UK,0
1641,STORE_1641,NORTH,US,0
1642,STORE_1642,CENTRAL,SG,0
1643,STORE_1643,NORTH,UK,0
1644,STORE_1644,SOUTH,FR,1
1645,STORE_1645,SOUTH,UK,1
1646,STORE_1646,CENTRAL,DE,1
1647,STORE_1647,EAST,UK,1
1648,STORE_1648,NORTH,FR,1
1649,STORE_1649,,UK,1
1650,STORE_1650,CENTRAL,FR,0
1651,STORE_1651,WEST,FR,0
1652,STORE_1652,EAST,US,1
1653,STORE_1653,CENTRAL,FR,1
1654,STORE_1654,CENTRAL,SG,1
1655,STORE_1655,EAST,IN,1
1656,STORE_1656,NORTH,US,1
1657,STORE_1657,CENTRAL,IN,1
1658,STORE_1658,CENTRAL,UK,0
1659,STORE_1659,,SG,0
1660,STORE_1660,NORTH,FR,0
1661,STORE_1661,SOUTH,IN,1
1662,STORE_1662,WEST,DE,0
1663,STORE_1663,NORTH,FR,0
1664,STORE_1664,EAST,US,0
1665,STORE_1665,SOUTH,FR,0
1666,STORE_1666,SOUTH,US,1
1667,STORE_1667,WEST,DE,0
1668,STORE_1668,EAST,US,1
1669,STORE_1669,CENTRAL,US,1
1670,STORE_1670,SOUTH,FR,1
1671,STORE_1671,NORTH,SG,0
1672,STORE_1672,WEST,FR,0
1673,STORE_1673,SOUTH,US,1
1674,STORE_1674,,US,0
1675,STORE_1675,EAST,FR,1
1676,STORE_1676,NORTH,UK,0
1677,STORE_1677,WEST,US,1
1678,STORE_1678,EAST,US,0
1679,STORE_1679,NORTH,US,0
1680,STORE_1680,NORTH,SG,1
1681,STORE_1681,EAST,SG,1
1682,STORE_1682,EAST,SG,1
1683,STORE_1683,NORTH,US,1
1684,STORE_1684,WEST,SG,0
1685,STORE_1685,NORTH,SG,0
1686,STORE_1686,WEST,FR,0
1687,STORE_1687,NORTH,DE,0
1688,STORE_1688,SOUTH,DE,1
1689,STORE_1689,CENTRAL,SG,1
1690,STORE_1690,SOUTH,IN,1
1691,STORE_1691,NORTH,SG,1
1692,STORE_1692,WEST,IN,1
1693,STORE_1693,SOUTH,DE,0
1694,STORE_1694,NORTH,UK,0
1695,STORE_1695,SOUTH,SG,0
1696,STORE_1696,EAST,IN,1
1697,STORE_1697,EAST,IN,0
1698,STORE_1698,SOUTH,IN,1
1699,STORE_1699,CENTRAL,UK,1
1700,STORE_1700,SOUTH,SG,1
1701,STORE_1701,SOUTH,DE,0
1702,STORE_1702,EAST,UK,1
1703,STORE_1703,NORTH,IN,0
1704,STORE_1704,CENTRAL,IN,1
1705,STORE_1705,SOUTH,IN,0
1706,STORE_1706,CENTRAL,DE,1
1707,STORE_1707,WEST,DE,1
1708,STORE_1708,EAST,DE,1
1709,STORE_1709,WEST,FR,0
1710,STORE_1710,WEST,US,0
1711,STORE_1711,SOUTH,IN,1
1712,STORE_1712,CENTRAL,SG,0
1713,STORE_1713,WEST,FR,1
1714,STORE_1714,,IN,0
1715,STORE_1715,CENTRAL,DE,0
1716,STORE_1716,NORTH,UK,1
1717,STORE_1717,NORTH,FR,1
1718,STORE_1718,NORTH,SG,0
1719,STORE_1719,WEST,SG,0
1720,STORE_1720,CENTRAL,US,1
1721,STORE_1721,WEST,DE,0
1722,STORE_1722,NORTH,UK,1
1723,STORE_1723,EAST,US,1
1724,STORE_1724,NORTH,FR,0
1725,STORE_1725,SOUTH,US,1
1726,STORE_1726,SOUTH,FR,1
1727,STORE_1727,CENTRAL,DE,1
1728,STORE_1728,WEST,SG,1
1729,STORE_1729,SOUTH,US,0
1730,STORE_1730,WEST,US,1
1731,STORE_1731,CENTRAL,SG,0
1732,STORE_1732,CENTRAL,US,0
1733,STORE_1733,SOUTH,US,0
1734,STORE_1734,EAST,IN,1
1735,STORE_1735,NORTH,FR,1
1736,STORE_1736,CENTRAL,SG,1
1737,STORE_1737,WEST,IN,1
1738,STORE_1738,WEST,FR,0
1739,STORE_1739,WEST,UK,1
1740,STORE_1740,NORTH,UK,1
1741,STORE_1741,CENTRAL,UK,0
1742,STORE_1742,WEST,IN,1
1743,STORE_1743,CENTRAL,IN,0
1744,STORE_1744,EAST,US,0
1745,STORE_1745,SOUTH,UK,0
1746,STORE_1746,SOUTH,UK,1
1747,STORE_1747,SOUTH,IN,1
1748,STORE_1748,EAST,DE,1
1749,STORE_1749,NORTH,UK,1
1750,STORE_1750,NORTH,UK,0
1751,STORE_1751,EAST,IN,1
1752,STORE_1752,SOUTH,SG,1
1753,STORE_1753,EAST,DE,0
1754,STORE_1754,WEST,IN,1
1755,STORE_1755,NORTH,UK,1
1756,STORE_1756,EAST,US,0
1757,STORE_1757,NORTH,DE,0
1758,STORE_1758,EAST,DE,1
1759,STORE_1759,WEST,SG,0
1760,STORE_1760,EAST,SG,0
1761,STORE_1761,NORTH,US,1
1762,STORE_1762,CENTRAL,US,1
1763,STORE_1763,EAST,DE,1
1764,STORE_1764,WEST,SG,0
1765,STORE_1765,WEST,DE,1
1766,STORE_1766,SOUTH,UK,0
1767,STORE_1767,EAST,US,1
1768,STORE_1768,CENTRAL,UK,0
1769,STORE_1769,SOUTH,FR,1
1770,STORE_1770,WEST,IN,0
1771,STORE_1771,CENTRAL,US,1
1772,STORE_1772,NORTH,US,1
1773,STORE_1773,CENTRAL,FR,1
1774,STORE_1774,WEST,FR,1
1775,STORE_1775,CENTRAL,IN,1
1776,STORE_1776,NORTH,DE,0
1777,STORE_1777,SOUTH,DE,1
1778,STORE_1778,WEST,IN,0
1779,STORE_1779,EAST,IN,1
1780,STORE_1780,WEST,US,0
1781,STORE_1781,EAST,FR,1
1782,STORE_1782,CENTRAL,UK,0
1783,STORE_1783,NORTH,DE,0
1784,STORE_1784,EAST,DE,0
1785,STORE_1785,WEST,UK,1
1786,STORE_1786,CENTRAL,US,1
1787,STORE_1787,EAST,IN,0
1788,STORE_1788,NORTH,UK,1
1789,STORE_1789,NORTH,UK,0
1790,STORE_1790,CENTRAL,IN,1
1791,STORE_1791,CENTRAL,DE,1
1792,STORE_1792,WEST,DE,0
1793,STORE_1793,NORTH,DE,1
1794,STORE_1794,SOUTH,IN,0
1795,STORE_1795,SOUTH,US,1
1796,STORE_1796,SOUTH,DE,0
1797,STORE_1797,WEST,UK,0
1798,STORE_1798,CENTRAL,IN,0
1799,STORE_1799,WEST,FR,1
1800,STORE_1800,WEST,SG,0
1801,STORE_1801,SOUTH,UK,1
1802,STORE_1802,SOUTH,UK,0
1803,STORE_1803,SOUTH,FR,0
1804,STORE_1804,EAST,UK,1
1805,STORE_1805,SOUTH,SG,1
1806,STORE_1806,CENTRAL,UK,0
1807,STORE_1807,EAST,IN,1
1808,STORE_1808,NORTH,IN,1
1809,STORE_1809,EAST,IN,0
1810,STORE_1810,WEST,SG,1
1811,STORE_1811,WEST,IN,1
1812,STORE_1812,CENTRAL,FR,0
1813,STORE_1813,CENTRAL,UK,0
1814,STORE_1814,EAST,US,0
1815,STORE_1815,EAST,FR,0
1816,STORE_1816,SOUTH,US,1
1817,STORE_1817,WEST,IN,0
1818,STORE_1818,NORTH,IN,1
1819,STORE_1819,CENTRAL,SG,1
1820,STORE_1820,WEST,SG,0
1821,STORE_1821,SOUTH,FR,0
1822,STORE_1822,CENTRAL,IN,1
1823,STORE_1823,CENTRAL,FR,1
1824,STORE_1824,EAST,DE,0
1825,STORE_1825,WEST,FR,0
1826,STORE_1826,EAST,UK,0
1827,STORE_1827,WEST,IN,0
1828,STORE_1828,EAST,US,0
1829,STORE_1829,SOUTH,DE,1
1830,STORE_1830,EAST,UK,0
1831,STORE_1831,EAST,DE,1
1832,STORE_1832,SOUTH,IN,0
1833,STORE_1833,EAST,SG,0
1834,STORE_1834,WEST,DE,1
1835,STORE_1835,EAST,DE,1
1836,STORE_1836,NORTH,IN,1
1837,STORE_1837,EAST,DE,0
1838,STORE_1838,WEST,IN,1
1839,STORE_1839,EAST,SG,0
1840,STORE_1840,EAST,DE,1
1841,STORE_1841,WEST,DE,0
1842,STORE_1842,NORTH,DE,0
1843,STORE_1843,CENTRAL,DE,0
1844,STORE_1844,EAST,SG,1
1845,STORE_1845,SOUTH,IN,1
1846,STORE_1846,EAST,FR,0
1847,STORE_1847,SOUTH,DE,1
1848,STORE_1848,SOUTH,DE,0
1849,STORE_1849,NORTH,IN,1
1850,STORE_1850,CENTRAL,FR,1
1851,STORE_1851,WEST,UK,0
1852,STORE_1852,NORTH,DE,1
1853,STORE_1853,EAST,SG,1
1854,STORE_1854,EAST,FR,1
1855,STORE_1855,SOUTH,FR,1
1856,STORE_1856,CENTRAL,UK,1
1857,STORE_1857,SOUTH,SG,0
1858,STORE_1858,WEST,FR,1
1859,STORE_1859,NORTH,UK,1
1860,STORE_1860,WEST,FR,1
1861,STORE_1861,EAST,SG,1
1862,STORE_1862,SOUTH,FR,0
1863,STORE_1863,EAST,SG,1
1864,STORE_1864,WEST,FR,1
1865,STORE_1865,SOUTH,FR,0
1866,STORE_1866,EAST,DE,0
1867,STORE_1867,SOUTH,SG,0
1868,STORE_1868,SOUTH,SG,0
1869,STORE_1869,SOUTH,DE,1
1870,STORE_1870,SOUTH,FR,0
1871,STORE_1871,WEST,SG,1
1872,STORE_1872,CENTRAL,DE,0
1873,STORE_1873,CENTRAL,DE,1
1874,STORE_1874,CENTRAL,DE,1
1875,STORE_1875,EAST,FR,1
1876,STORE_1876,EAST,DE,0
1877,STORE_1877,CENTRAL,IN,1
1878,STORE_1878,EAST,US,1
1879,STORE_1879,NORTH,FR,1
1880,STORE_1880,NORTH,SG,1
1881,STORE_1881,EAST,IN,0
1882,STORE_1882,WEST,UK,1
1883,STORE_1883,SOUTH,UK,1
1884,STORE_1884,NORTH,DE,0
1885,STORE_1885,SOUTH,IN,0
1886,STORE_1886,CENTRAL,IN,1
1887,STORE_1887,SOUTH,DE,1
1888,STORE_1888,CENTRAL,DE,1
1889,STORE_1889,SOUTH,DE,0
1890,STORE_1890,SOUTH,US,0
1891,STORE_1891,WEST,US,1
1892,STORE_1892,SOUTH,IN,1
1893,STORE_1893,CENTRAL,US,1
1894,STORE_1894,SOUTH,DE,0
1895,STORE_1895,SOUTH,IN,0
1896,STORE_1896,WEST,DE,1
1897,STORE_1897,SOUTH,DE,1
1898,STORE_1898,NORTH,UK,1
1899,STORE_1899,CENTRAL,IN,1
1900,STORE_1900,WEST,IN,0
1901,STORE_1901,SOUTH,FR,0
1902,STORE_1902,CENTRAL,SG,1
1903,STORE_1903,EAST,UK,0
1904,STORE_1904,WEST,UK,1
1905,STORE_1905,,DE,0
1906,STORE_1906,EAST,IN,0
1907,STORE_1907,WEST,SG,1
1908,STORE_1908,EAST,US,1
1909,STORE_1909,SOUTH,IN,0
1910,STORE_1910,EAST,UK,1
1911,STORE_1911,WEST,SG,1
1912,STORE_1912,CENTRAL,UK,0
1913,STORE_1913,SOUTH,US,0
1914,STORE_1914,NORTH,IN,1
1915,STORE_1915,EAST,SG,1
1916,STORE_1916,WEST,UK,0
1917,STORE_1917,EAST,UK,0
1918,STORE_1918,NORTH,IN,0
1919,STORE_1919,SOUTH,UK,0
1920,STORE_1920,NORTH,SG,1
1921,STORE_1921,CENTRAL,DE,0
1922,STORE_1922,NORTH,DE,0
1923,STORE_1923,EAST,SG,1
1924,STORE_1924,WEST,FR,1
1925,STORE_1925,NORTH,SG,0
1926,STORE_1926,WEST,FR,1
1927,STORE_1927,SOUTH,IN,0
1928,STORE_1928,WEST,DE,0
1929,STORE_1929,SOUTH,US,0
1930,STORE_1930,EAST,DE,1
1931,STORE_1931,CENTRAL,US,1
1932,STORE_1932,EAST,FR,0
1933,STORE_1933,NORTH,DE,1
1934,STORE_1934,EAST,FR,0
1935,STORE_1935,SOUTH,DE,1
1936,STORE_1936,SOUTH,US,0
1937,STORE_1937,NORTH,FR,1
1938,STORE_1938,NORTH,SG,0
1939,STORE_1939,SOUTH,IN,0
1940,STORE_1940,NORTH,SG,1
1941,STORE_1941,NORTH,FR,1
1942,STORE_1942,SOUTH,FR,1
1943,STORE_1943,WEST,FR,0
1944,STORE_1944,EAST,FR,0
1945,STORE_1945,EAST,DE,0
1946,STORE_1946,CENTRAL,US,1
1947,STORE_1947,WEST,UK,0
1948,STORE_1948,WEST,FR,1
1949,STORE_1949,SOUTH,UK,1
1950,STORE_1950,EAST,IN,1
1951,STORE_1951,EAST,DE,1
1952,STORE_1952,WEST,IN,1
1953,STORE_1953,SOUTH,IN,0
1954,STORE_1954,SOUTH,US,0
1955,STORE_1955,CENTRAL,UK,0
1956,STORE_1956,NORTH,SG,1
1957,STORE_1957,WEST,IN,0
1958,STORE_1958,SOUTH,US,0
1959,STORE_1959,WEST,UK,0
1960,STORE_1960,,DE,0
1961,STORE_1961,WEST,SG,1
1962,STORE_1962,NORTH,SG,1
1963,STORE_1963,NORTH,SG,0
1964,STORE_1964,CENTRAL,US,0
1965,STORE_1965,NORTH,FR,0
1966,STORE_1966,EAST,UK,0
1967,STORE_1967,WEST,SG,1
1968,STORE_1968,SOUTH,FR,0
1969,STORE_1969,CENTRAL,US,0
1970,STORE_1970,EAST,US,0
1971,STORE_1971,NORTH,FR,1
1972,STORE_1972,CENTRAL,IN,1
1973,STORE_1973,SOUTH,DE,0
1974,STORE_1974,NORTH,IN,1
1975,STORE_1975,WEST,UK,1
1976,STORE_1976,WEST,US,0
1977,STORE_1977,EAST,IN,0
1978,STORE_1978,CENTRAL,DE,1
1979,STORE_1979,NORTH,SG,0
1980,STORE_1980,CENTRAL,UK,0
1981,STORE_1981,,IN,1
1982,STORE_1982,CENTRAL,FR,0
1983,STORE_1983,SOUTH,US,1
1984,STORE_1984,CENTRAL,US,1
1985,STORE_1985,EAST,UK,0
1986,STORE_1986,WEST,DE,0
1987,STORE_1987,EAST,FR,0
1988,STORE_1988,SOUTH,US,0
1989,STORE_1989,CENTRAL,DE,1
1990,STORE_1990,EAST,FR,1
1991,STORE_1991,NORTH,FR,0
1992,STORE_1992,CENTRAL,US,1
1993,STORE_1993,EAST,SG,0
1994,STORE_1994,EAST,US,0
1995,STORE_1995,NORTH,IN,1
1996,STORE_1996,SOUTH,UK,1
1997,STORE_1997,WEST,SG,0
1998,STORE_1998,EAST,IN,0
1999,STORE_1999,NORTH,FR,0
2000,STORE_2000,CENTRAL,DE,0
